{"cameraMode":{"drawMode":0,"name":"Shaded","section":"Shading Mode"},"sceneLighting":true,"audioPlay":false,"sceneViewState":{"showFog":true,"showMaterialUpdate":false,"showSkybox":true,"showFlares":true,"showImageEffects":true,"showParticleSystems":true,"showVisualEffectGraphs":true,"m_FxEnabled":true},"in2DMode":false,"pivot":{"x":1.8065688610076905,"y":7.185235023498535,"z":7.4170331954956059},"rotation":{"x":-0.07523002475500107,"y":-0.017353778705000879,"z":0.0013062669895589352,"w":-0.9970321655273438},"size":12.88025188446045,"orthographic":false}